Ticker,Date,Open,High,Low,Close,Adj Close,Volume
SPY,1-Jan-00,148.25,148.25,135,139.5625,90.454781,"156,770,800"
SPY,1-Feb-00,139.75,144.5625,132.71875,137.4375,89.07756,"186,938,300"
SPY,1-Mar-00,137.625,155.75,135.03125,150.375,97.462669,"247,594,900"
SPY,1-Apr-00,150.125,153.109375,133.5,145.09375,94.278763,"229,246,200"
SPY,1-May-00,146.5625,148.484375,136.5,142.8125,92.796486,"161,024,000"
SPY,1-Jun-00,143.6875,149.15625,143,145.28125,94.40065,"127,146,000"
SPY,1-Jul-00,145.4375,151.984375,141.515625,143,93.137054,"106,780,100"
SPY,1-Aug-00,143.625,153.09375,142.625,152.34375,99.22274,"102,365,500"
SPY,1-Sep-00,153.25,153.59375,142.125,143.625,93.544151,"113,203,000"
SPY,1-Oct-00,144.28125,145.75,130.15625,142.953125,93.340454,"178,392,400"
SPY,1-Nov-00,142.25,144.296875,129.75,132.28125,86.37233,"156,699,900"
SPY,1-Dec-00,133.1875,139.5625,125.53125,131.1875,85.65815,"165,416,700"
SPY,1-Jan-01,132,138.699997,127.5625,137.020004,89.740837,"181,296,400"
SPY,1-Feb-01,137.100006,137.990005,121.800003,123.949997,81.180695,"178,607,000"
SPY,1-Mar-01,124.050003,127.75,108.040001,116.690002,76.425789,"318,187,200"
SPY,1-Apr-01,116.300003,127.269997,109.300003,126.660004,83.178947,"251,839,700"
SPY,1-May-01,125.07,132.089996,123.440002,125.949997,82.712715,"208,040,000"
SPY,1-Jun-01,126.199997,129.229996,120.400002,122.599998,80.512711,"203,578,200"
SPY,1-Jul-01,122.800003,124.32,116.75,121.349998,79.91848,"196,892,900"
SPY,1-Aug-01,121.970001,123.25,112.040001,114.150002,75.17675,"269,599,600"
SPY,1-Sep-01,113.849998,116.169998,93.800003,104.440002,68.781914,"419,156,100"
SPY,1-Oct-01,103.900002,111.790001,102.830002,105.800003,69.939064,"512,612,000"
SPY,1-Nov-01,106.599998,116.900002,105.699997,114.050003,75.392685,"372,515,000"
SPY,1-Dec-01,113.650002,118,112,114.300003,75.557961,"308,403,900"
SPY,1-Jan-02,115.110001,117.989998,108.400002,113.18,75.074959,"349,380,000"
SPY,1-Feb-02,113.089996,113.300003,107.82,111.150002,73.728386,"424,492,600"
SPY,1-Mar-02,111.720001,117.900002,111.510002,114.519997,75.963799,"385,578,100"
SPY,1-Apr-02,114.230003,115.099998,106.629997,107.860001,71.750954,"404,461,000"
SPY,1-May-02,107.970001,111.25,104.900002,107.220001,71.325241,"452,626,500"
SPY,1-Jun-02,107.089996,107.599998,95.190002,98.959999,65.830475,"534,883,500"
SPY,1-Jul-02,99.18,99.800003,77.68,91.160004,60.854004,"1,124,248,800"
SPY,1-Aug-02,90.879997,97.150002,83.550003,91.779999,61.267902,"936,191,200"
SPY,1-Sep-02,90.730003,93.330002,80.900002,81.790001,54.599049,"1,013,828,600"
SPY,1-Oct-02,82.43,91.290001,77.07,88.519997,59.356575,"1,344,248,100"
SPY,1-Nov-02,88.349998,94.949997,87.449997,93.980003,63.017742,"818,243,400"
SPY,1-Dec-02,95.470001,96.050003,87.110001,88.230003,59.162136,"728,285,900"
SPY,1-Jan-03,88.849998,93.860001,84.150002,86.059998,57.990612,"911,319,900"
SPY,1-Feb-03,86.139999,86.809998,81,84.900002,57.208969,"862,248,300"
SPY,1-Mar-03,85.260002,89.879997,79.379997,84.739998,57.101147,"1,156,870,200"
SPY,1-Apr-03,85.25,92.800003,84.910004,91.910004,62.182278,"996,114,200"
SPY,1-May-03,91.919998,97.089996,90.5,96.949997,65.592148,"881,509,900"
SPY,1-Jun-03,97.529999,102.18,96.669998,97.629997,66.052208,"867,970,200"
SPY,1-Jul-03,97.25,101.900002,96.43,99.389999,67.48584,"895,260,500"
SPY,1-Aug-03,99.190002,101.82,96.339996,101.440002,68.877777,"772,702,000"
SPY,1-Sep-03,101.639999,104.699997,99.25,99.949997,67.866112,"818,513,400"
SPY,1-Oct-03,100.239998,105.970001,100.199997,105.300003,71.773201,"831,700,900"
SPY,1-Nov-03,105.75,106.949997,103.620003,106.449997,72.556984,"630,654,200"
SPY,1-Dec-03,106.849998,111.519997,105.959999,111.279999,75.849228,"678,350,400"
SPY,1-Jan-04,111.739998,116.5,110.730003,113.480003,77.714249,"737,674,000"
SPY,1-Feb-04,113.699997,116.599998,112.779999,115.019997,78.768875,"676,976,900"
SPY,1-Mar-04,115.43,116.970001,108.849998,113.099998,77.45401,"1,125,003,900"
SPY,1-Apr-04,113.07,115.410004,110.900002,110.959999,76.254875,"968,620,900"
SPY,1-May-04,111.370003,113.260002,108.059998,112.860001,77.560585,"981,083,900"
SPY,1-Jun-04,112.459999,114.940002,111.870003,114.529999,78.708275,"721,880,400"
SPY,1-Jul-04,114.25,114.400002,108.209999,110.839996,76.450424,"954,619,200"
SPY,1-Aug-04,110.190002,111.629997,106.589996,111.110001,76.636665,"922,892,000"
SPY,1-Sep-04,110.949997,113.739998,110.410004,111.760002,77.084984,"790,891,900"
SPY,1-Oct-04,112.260002,114.68,109.349998,113.199997,78.403206,"1,044,071,300"
SPY,1-Nov-04,113.559998,119.139999,113.199997,117.889999,81.651566,"961,601,700"
SPY,1-Dec-04,118.160004,121.660004,117.730003,120.870003,83.963615,"909,170,200"
SPY,1-Jan-05,121.559998,121.760002,116.370003,118.160004,82.468826,"1,184,211,500"
SPY,1-Feb-05,118.25,121.669998,118.099998,120.629997,84.192726,"1,025,608,400"
SPY,1-Mar-05,120.82,123.25,116.25,117.959999,82.329254,"1,330,548,800"
SPY,1-Apr-05,118.629997,119.260002,113.550003,115.75,81.104118,"1,633,318,500"
SPY,1-May-05,116.07,120.25,114.800003,119.480003,83.717644,"1,334,647,300"
SPY,1-Jun-05,119.519997,121.940002,118.75,119.18,83.507462,"1,089,322,900"
SPY,1-Jul-05,119.449997,124.639999,118.260002,123.739998,87.05249,"1,176,306,400"
SPY,1-Aug-05,123.830002,124.739998,120.379997,122.580002,86.23642,"1,306,564,800"
SPY,1-Sep-05,122.519997,124.739998,120.440002,123.040001,86.560059,"1,287,005,000"
SPY,1-Oct-05,122.959999,123.339996,116.879997,120.129997,84.872559,"1,784,566,400"
SPY,1-Nov-05,120.580002,127.410004,120.129997,125.410004,88.602951,"1,183,732,800"
SPY,1-Dec-05,126.019997,128.089996,124.360001,124.510002,87.967079,"1,073,146,800"
SPY,1-Jan-06,125.190002,129.440002,124.389999,127.5,90.55703,"1,233,910,800"
SPY,1-Feb-06,127.82,130.039993,125.400002,128.229996,91.075539,"1,145,244,400"
SPY,1-Mar-06,128.600006,131.470001,127.18,129.830002,92.211906,"1,350,777,100"
SPY,1-Apr-06,130.070007,131.860001,128.020004,131.470001,93.748055,"1,300,327,900"
SPY,1-May-06,131.470001,132.800003,124.760002,127.510002,90.924263,"1,752,747,100"
SPY,1-Jun-06,127.379997,129.429993,122.339996,127.279999,90.760254,"2,163,829,300"
SPY,1-Jul-06,127.43,128.139999,122.389999,127.849998,91.569702,"1,691,301,400"
SPY,1-Aug-06,127.339996,131.039993,126.279999,130.639999,93.56794,"1,420,345,400"
SPY,1-Sep-06,131.139999,133.990005,129.350006,133.580002,95.673668,"1,363,687,900"
SPY,1-Oct-06,133.539993,139,132.649994,137.789993,99.123016,"1,443,344,100"
SPY,1-Nov-06,138.220001,141.160004,135.619995,140.529999,101.094139,"1,502,059,900"
SPY,1-Dec-06,140.529999,143.240005,138.970001,141.619995,101.878258,"1,212,756,800"
SPY,1-Jan-07,142.25,144.130005,140.25,143.75,103.986679,"1,330,329,900"
SPY,1-Feb-07,144.149994,146.419998,139,140.929993,101.946678,"1,494,548,900"
SPY,1-Mar-07,139.339996,143.809998,136.75,142,102.720757,"2,918,304,400"
SPY,1-Apr-07,142.160004,149.800003,141.479996,148.289993,107.69632,"1,791,289,900"
SPY,1-May-07,148.419998,153.889999,147.669998,153.320007,111.349365,"2,508,178,000"
SPY,1-Jun-07,153.880005,154.399994,148.059998,150.429993,109.250519,"3,502,885,400"
SPY,1-Jul-07,150.869995,155.529999,145.039993,145.720001,106.285995,"3,988,676,200"
SPY,1-Aug-07,145.179993,150.589996,137,147.589996,107.649925,"6,195,918,600"
SPY,1-Sep-07,147.449997,154.389999,144.330002,152.580002,111.289551,"2,967,009,200"
SPY,1-Oct-07,152.600006,157.520004,148.660004,154.649994,113.334442,"3,850,069,600"
SPY,1-Nov-07,153.289993,153.410004,140.660004,148.660004,108.944778,"5,472,709,900"
SPY,1-Dec-07,148.190002,152.889999,143.960007,146.210007,107.149254,"3,293,787,500"
SPY,1-Jan-08,146.529999,146.990005,126,137.369995,101.205254,"6,106,834,300"
SPY,1-Feb-08,137.940002,139.610001,131.729996,133.820007,98.589836,"4,151,028,600"
SPY,1-Mar-08,133.139999,135.809998,126.07,131.970001,97.226852,"5,462,121,800"
SPY,1-Apr-08,133.610001,140.589996,132.330002,138.259995,102.365181,"4,014,652,600"
SPY,1-May-08,138.380005,144.300003,137.520004,140.350006,103.912613,"3,646,997,000"
SPY,1-Jun-08,139.830002,140.889999,127.040001,127.980003,94.754105,"5,408,930,000"
SPY,1-Jul-08,126.519997,129.160004,120.019997,126.830002,94.372337,"7,156,206,800"
SPY,1-Aug-08,127.120003,131.509995,124.760002,128.789993,95.830711,"4,344,355,500"
SPY,1-Sep-08,130.029999,130.710007,110.529999,115.989998,86.306427,"8,105,188,900"
SPY,1-Oct-08,115.269997,116.690002,83.580002,96.830002,72.46682,"11,882,000,000"
SPY,1-Nov-08,96.779999,100.860001,74.339996,90.089996,67.422638,"8,762,237,000"
SPY,1-Dec-08,87.510002,92.43,81.860001,90.239998,67.534897,"6,919,927,700"
SPY,1-Jan-09,90.440002,94.449997,80.050003,82.830002,62.492542,"6,872,039,400"
SPY,1-Feb-09,81.57,87.739998,73.809998,73.93,55.777775,"7,275,092,500"
SPY,1-Mar-09,72.519997,83.300003,67.099998,79.519997,59.995251,"8,813,959,700"
SPY,1-Apr-09,78.529999,89.019997,78.330002,87.419998,66.427589,"6,023,006,600"
SPY,1-May-09,87.440002,93.699997,86.720001,92.529999,70.310562,"5,195,735,600"
SPY,1-Jun-09,93.669998,96.110001,88.849998,91.949997,69.869827,"5,054,855,000"
SPY,1-Jul-09,92.339996,99.830002,87,98.809998,75.506615,"4,295,844,600"
SPY,1-Aug-09,99.849998,104.349998,98.110001,102.459999,78.295853,"3,957,574,800"
SPY,1-Sep-09,101.949997,108.059998,99.57,105.589996,80.687637,"3,777,956,700"
SPY,1-Oct-09,103,110.309998,101.989998,103.559998,79.513344,"4,481,700,800"
SPY,1-Nov-09,104.129997,111.739998,103.080002,109.940002,84.411888,"3,430,866,200"
SPY,1-Dec-09,110.919998,113.029999,109.019997,111.440002,85.563599,"2,883,885,800"
SPY,1-Jan-10,112.370003,115.139999,107.220001,107.389999,82.897896,"3,706,842,300"
SPY,1-Feb-10,108.150002,111.580002,104.580002,110.739998,85.483902,"4,451,912,400"
SPY,1-Mar-10,111.199997,118.169998,111.169998,117,90.3162,"3,899,688,500"
SPY,1-Apr-10,117.800003,122.120003,117.099998,118.809998,92.091057,"3,887,089,700"
SPY,1-May-10,119.379997,120.68,104.379997,109.370003,84.773987,"7,413,878,800"
SPY,1-Jun-10,108.349998,113.199997,102.879997,103.220001,80.007057,"5,706,059,600"
SPY,1-Jul-10,103.150002,112.290001,101.129997,110.269997,85.878235,"4,725,402,000"
SPY,1-Aug-10,111.989998,113.18,104.290001,105.309998,82.015404,"4,541,971,600"
SPY,1-Sep-10,106.730003,115.790001,106.660004,114.129997,88.884445,"4,035,642,500"
SPY,1-Oct-10,114.989998,119.760002,113.18,118.489998,92.774033,"3,767,490,800"
SPY,1-Nov-10,119.07,122.949997,117.589996,118.489998,92.774033,"3,983,708,900"
SPY,1-Dec-10,120.199997,126.199997,120.190002,125.75,98.458359,"2,722,749,900"
SPY,1-Jan-11,126.709999,130.350006,125.699997,128.679993,101.282356,"2,860,314,700"
SPY,1-Feb-11,129.460007,134.690002,129.380005,133.149994,104.800629,"2,820,073,500"
SPY,1-Mar-11,133.570007,133.690002,125.279999,132.589996,104.359848,"4,787,459,400"
SPY,1-Apr-11,133.410004,136.570007,129.509995,136.429993,107.848717,"2,812,718,500"
SPY,1-May-11,137.070007,137.179993,131.380005,134.899994,106.639252,"3,337,607,300"
SPY,1-Jun-11,134.509995,134.919998,126.190002,131.970001,104.323067,"4,710,433,400"
SPY,1-Jul-11,132.089996,135.699997,127.970001,129.330002,102.743065,"3,840,768,000"
SPY,1-Aug-11,130.839996,130.960007,110.269997,122.220001,97.09465,"9,050,451,800"
SPY,1-Sep-11,122.290001,123.400002,111.300003,113.150002,89.889206,"6,188,283,200"
SPY,1-Oct-11,112.489998,129.419998,107.43,125.5,100.216194,"5,721,102,000"
SPY,1-Nov-11,122.029999,128.020004,116.199997,124.989998,99.808929,"5,013,586,000"
SPY,1-Dec-11,124.849998,127.260002,120.029999,125.5,100.216194,"3,848,636,100"
SPY,1-Jan-12,127.760002,133.399994,126.43,131.320007,105.528717,"2,883,821,400"
SPY,1-Feb-12,132.289993,138.190002,132.130005,137.020004,110.109238,"2,894,582,000"
SPY,1-Mar-12,137.309998,141.830002,134.360001,140.809998,113.15493,"3,057,516,200"
SPY,1-Apr-12,140.639999,142.210007,135.759995,139.869995,112.892082,"3,035,644,100"
SPY,1-May-12,139.789993,141.660004,129.550003,131.470001,106.112267,"4,004,156,100"
SPY,1-Jun-12,129.410004,136.270004,127.139999,136.100006,109.849236,"3,644,886,200"
SPY,1-Jul-12,136.479996,139.339996,132.600006,137.710007,111.724594,"2,864,743,300"
SPY,1-Aug-12,138.699997,143.089996,135.580002,141.160004,114.523643,"2,413,590,900"
SPY,1-Sep-12,141.039993,148.110001,140.130005,143.970001,116.803398,"2,391,233,500"
SPY,1-Oct-12,144.520004,147.160004,140.389999,141.350006,115.28994,"2,719,915,500"
SPY,1-Nov-12,141.649994,143.720001,134.699997,142.149994,115.942406,"3,032,769,100"
SPY,1-Dec-12,142.800003,145.580002,139.539993,142.410004,116.154488,"2,889,875,900"
SPY,1-Jan-13,145.110001,150.940002,144.729996,149.699997,122.966454,"2,587,140,200"
SPY,1-Feb-13,150.649994,153.279999,148.729996,151.610001,124.535385,"2,581,459,300"
SPY,1-Mar-13,151.089996,156.850006,150.410004,156.669998,128.691757,"2,330,972,300"
SPY,1-Apr-13,156.589996,159.720001,153.550003,159.679993,131.747574,"2,907,035,000"
SPY,1-May-13,159.330002,169.070007,158.100006,163.449997,134.858063,"2,781,596,000"
SPY,1-Jun-13,163.830002,165.990005,155.729996,160.419998,132.35817,"3,533,321,800"
SPY,1-Jul-13,161.259995,169.860001,160.220001,168.710007,139.934509,"2,330,904,500"
SPY,1-Aug-13,169.990005,170.970001,163.050003,163.649994,135.737564,"2,283,131,700"
SPY,1-Sep-13,165.229996,173.600006,163.699997,168.009995,139.353928,"2,226,749,600"
SPY,1-Oct-13,168.139999,177.509995,164.529999,175.789993,146.517685,"2,901,739,000"
SPY,1-Nov-13,176.020004,181.75,174.759995,181,150.860123,"1,930,952,900"
SPY,1-Dec-13,181.089996,184.690002,177.320007,184.690002,153.935684,"2,232,775,900"
SPY,1-Jan-14,183.979996,184.940002,176.880005,178.179993,149.315994,"2,530,650,900"
SPY,1-Feb-14,177.970001,187.149994,173.710007,186.289993,156.112198,"2,394,184,600"
SPY,1-Mar-14,184.649994,189.020004,183.75,187.009995,156.71553,"2,554,084,300"
SPY,1-Apr-14,187.619995,189.699997,181.309998,188.309998,158.50145,"2,345,902,000"
SPY,1-May-14,188.220001,192.800003,186.009995,192.679993,162.179657,"1,781,093,800"
SPY,1-Jun-14,192.949997,196.600006,191.970001,195.720001,164.738525,"1,675,047,300"
SPY,1-Jul-14,196.199997,199.059998,192.970001,193.089996,163.303558,"1,893,710,200"
SPY,1-Aug-14,192.559998,200.820007,190.550003,200.710007,169.748093,"1,829,885,000"
SPY,1-Sep-14,200.970001,201.899994,196.050003,197.020004,166.627335,"2,106,462,700"
SPY,1-Oct-14,196.699997,201.820007,181.919998,201.660004,171.348831,"3,943,068,000"
SPY,1-Nov-14,201.919998,207.869995,200.059998,207.199997,176.056076,"1,571,091,800"
SPY,1-Dec-14,206.399994,212.970001,197.860001,205.539993,174.645584,"3,045,171,000"
SPY,1-Jan-15,206.380005,206.880005,198.550003,199.449997,170.406326,"3,183,506,000"
SPY,1-Feb-15,200.050003,212.240005,197.860001,210.660004,179.983932,"1,901,638,100"
SPY,1-Mar-15,210.779999,212.059998,204.119995,206.429993,176.369919,"2,749,923,000"
SPY,1-Apr-15,206.389999,212.479996,204.509995,208.460007,178.899338,"2,036,685,200"
SPY,1-May-15,209.399994,213.779999,206.759995,211.139999,181.199295,"1,892,519,900"
SPY,1-Jun-15,211.940002,213.339996,205.279999,205.850006,176.659439,"2,535,242,600"
SPY,1-Jul-15,207.729996,213.179993,204.110001,210.5,181.528748,"2,452,758,000"
SPY,1-Aug-15,210.460007,211.309998,182.399994,197.669998,170.464569,"3,734,926,900"
SPY,1-Sep-15,193.119995,202.889999,186.929993,191.630005,165.255798,"3,279,512,900"
SPY,1-Oct-15,192.080002,209.440002,189.119995,207.929993,180.24469,"2,536,184,400"
SPY,1-Nov-15,208.320007,211.660004,202.179993,208.690002,180.903503,"1,924,512,800"
SPY,1-Dec-15,209.440002,211,199.830002,203.869995,176.725266,"2,924,882,300"
SPY,1-Jan-16,200.490005,201.899994,181.020004,193.720001,168.926132,"3,712,950,900"
SPY,1-Feb-16,192.529999,196.679993,181.089996,193.559998,168.786575,"2,920,730,800"
SPY,1-Mar-16,195.009995,206.869995,194.449997,205.520004,179.21582,"2,323,306,500"
SPY,1-Apr-16,204.350006,210.919998,203.089996,206.330002,180.850159,"1,910,635,600"
SPY,1-May-16,206.919998,210.690002,202.779999,209.839996,183.926712,"1,828,530,900"
SPY,1-Jun-16,209.119995,212.520004,198.649994,209.479996,183.61113,"2,612,406,900"
SPY,1-Jul-16,209.479996,217.539993,207.059998,217.119995,191.297363,"1,648,453,700"
SPY,1-Aug-16,217.190002,219.600006,214.25,217.380005,191.526443,"1,519,703,200"
SPY,1-Sep-16,217.369995,219.220001,212.309998,216.300003,190.574905,"2,292,393,000"
SPY,1-Oct-16,215.820007,216.699997,211.210007,212.550003,188.216873,"1,725,687,400"
SPY,1-Nov-16,212.929993,221.820007,208.380005,220.380005,195.150497,"2,073,824,400"
SPY,1-Dec-16,220.729996,228.339996,219.149994,223.529999,197.939835,"1,821,910,200"
SPY,1-Jan-17,225.039993,229.710007,223.880005,227.529999,202.669449,"1,482,408,500"
SPY,1-Feb-17,227.529999,237.309998,226.820007,236.470001,210.63269,"1,365,136,600"
SPY,1-Mar-17,238.389999,240.320007,231.610001,235.740005,209.982437,"1,921,474,100"
SPY,1-Apr-17,235.800003,239.529999,232.509995,238.080002,212.989349,"1,549,613,700"
SPY,1-May-17,238.679993,242.080002,235.429993,241.440002,215.995224,"1,492,547,000"
SPY,1-Jun-17,241.970001,245.009995,239.960007,241.800003,216.317291,"1,572,753,000"
SPY,1-Jul-17,242.880005,248,240.339996,246.770004,221.840118,"1,055,908,800"
SPY,1-Aug-17,247.460007,248.910004,241.830002,247.490005,222.48735,"1,557,031,500"
SPY,1-Sep-17,247.919998,251.320007,244.949997,251.229996,225.849518,"1,286,405,100"
SPY,1-Oct-17,251.490005,257.890015,251.289993,257.149994,232.31868,"1,320,624,600"
SPY,1-Nov-17,258.040009,266.049988,255.630005,265.01001,239.419785,"1,365,620,900"
SPY,1-Dec-17,264.76001,268.600006,260.76001,266.859985,241.091049,"1,715,222,900"
SPY,1-Jan-18,267.839996,286.630005,267.399994,281.899994,255.98056,"1,985,506,700"
SPY,1-Feb-18,281.070007,283.059998,252.919998,271.649994,246.673035,"2,923,722,000"
SPY,1-Mar-18,271.410004,280.410004,257.829987,263.149994,238.954498,"2,323,561,800"
SPY,1-Apr-18,262.549988,271.299988,254.669998,264.51001,241.151474,"1,998,466,500"
SPY,1-May-18,263.869995,274.25,259.049988,270.940002,247.013596,"1,606,397,200"
SPY,1-Jun-18,272.410004,279.480011,268.48999,271.279999,247.323608,"1,599,001,000"
SPY,1-Jul-18,269.51001,284.369995,269.23999,281.329987,257.637756,"1,266,892,500"
SPY,1-Aug-18,281.559998,291.73999,279.160004,290.309998,265.861511,"1,308,443,700"
SPY,1-Sep-18,289.839996,293.940002,286.709991,290.720001,266.237061,"1,228,103,300"
SPY,1-Oct-18,292.109985,293.209991,259.850006,270.630005,248.960876,"3,024,345,800"
SPY,1-Nov-18,271.600006,281.220001,263.070007,275.649994,253.578888,"2,021,061,200"
SPY,1-Dec-18,280.279999,280.399994,233.759995,249.919998,229.909027,"3,102,780,500"
SPY,1-Jan-19,245.979996,270.470001,243.669998,269.929993,249.766968,"2,048,691,700"
SPY,1-Feb-19,270.149994,281.309998,267.829987,278.679993,257.863342,"1,371,716,300"
SPY,1-Mar-19,280.440002,285.179993,272.420013,282.480011,261.379547,"1,678,081,300"
SPY,1-Apr-19,284.700012,294.450012,284.399994,294.019989,273.25589,"1,209,204,700"
SPY,1-May-19,294.720001,294.950012,275.23999,275.269989,255.830002,"1,845,593,200"
SPY,1-Jun-19,275.309998,296.309998,273.089996,293,272.307861,"1,340,435,600"
SPY,1-Jul-19,296.679993,302.230011,294.329987,297.429993,277.76947,"1,110,102,300"
SPY,1-Aug-19,297.600006,300.869995,281.720001,292.450012,273.118622,"2,034,004,800"
SPY,1-Sep-19,290.570007,302.630005,289.269989,296.769989,277.153107,"1,303,830,000"
SPY,1-Oct-19,297.73999,304.549988,284.820007,303.329987,284.587677,"1,386,748,300"
SPY,1-Nov-19,304.920013,315.480011,304.73999,314.309998,294.889252,"1,037,123,500"
SPY,1-Dec-19,314.589996,323.799988,307.130005,321.859985,301.972687,"1,285,175,800"
SPY,1-Jan-20,323.540009,332.950012,320.359985,321.730011,303.334778,"1,392,003,800"
SPY,1-Feb-20,323.350006,339.079987,285.540009,296.26001,279.321045,"2,110,214,900"
SPY,1-Mar-20,298.209991,313.839996,218.259995,257.75,243.012909,"5,926,017,600"
SPY,1-Apr-20,247.979996,294.880005,243.899994,290.480011,275.481995,"2,819,312,300"
SPY,1-May-20,285.309998,306.839996,272.98999,304.320007,288.607361,"1,910,460,500"
SPY,1-Jun-20,303.619995,323.410004,296.73999,308.359985,292.438782,"2,358,674,500"
SPY,1-Jul-20,309.570007,327.230011,309.070007,326.519989,311.023865,"1,505,145,300"
SPY,1-Aug-20,328.320007,351.299988,327.730011,349.309998,332.73233,"1,045,563,300"
SPY,1-Sep-20,350.209991,358.75,319.799988,334.890015,318.996704,"1,814,712,700"
SPY,1-Oct-20,337.690002,354.019989,322.600006,326.540009,312.288086,"1,629,016,100"
SPY,1-Nov-20,330.200012,364.380005,327.23999,362.059998,346.257721,"1,535,244,300"
SPY,1-Dec-20,365.570007,378.459991,362.029999,373.880005,357.561829,"1,344,541,500"
SPY,1-Jan-21,375.309998,385.850006,364.820007,370.070007,355.426819,"1,402,265,400"
SPY,1-Feb-21,373.720001,394.170013,370.380005,380.359985,365.309601,"1,307,806,200"
SPY,1-Mar-21,385.589996,398.119995,371.880005,396.329987,380.647644,"2,401,715,800"
SPY,1-Apr-21,398.399994,420.720001,398.179993,417.299988,402.100586,"1,462,106,600"
SPY,1-May-21,419.429993,422.820007,404,420.040009,404.740875,"1,547,235,900"
SPY,1-Jun-21,422.570007,428.779999,414.700012,428.059998,412.468658,"1,282,152,400"
SPY,1-Jul-21,428.869995,441.799988,421.970001,438.51001,423.92041,"1,422,104,700"
SPY,1-Aug-21,440.339996,453.070007,436.100006,451.559998,436.536255,"1,254,001,400"
SPY,1-Sep-21,452.559998,454.049988,428.779999,429.140015,414.862152,"1,745,559,600"
SPY,1-Oct-21,430.980011,459.559998,426.359985,459.25,445.392761,"1,508,665,200"
SPY,1-Nov-21,460.299988,473.540009,455.299988,455.559998,441.814056,"1,335,351,500"
SPY,1-Dec-21,461.640015,479,448.920013,474.959991,460.628693,"1,927,433,900"
SPY,1-Jan-22,476.299988,479.980011,420.76001,449.910004,437.867523,"2,485,167,800"
SPY,1-Feb-22,450.679993,458.119995,410.640015,436.630005,424.942932,"2,297,975,100"
SPY,1-Mar-22,435.040009,462.070007,415.119995,451.640015,439.551208,"2,380,929,500"
SPY,1-Apr-22,453.309998,457.829987,411.209991,412,402.217896,"1,856,757,400"
SPY,1-May-22,412.070007,429.660004,380.540009,412.929993,403.125763,"2,418,478,100"
SPY,1-Jun-22,415.170013,417.440002,362.170013,377.25,368.292938,"1,958,611,900"
SPY,1-Jul-22,376.559998,413.029999,371.040009,411.98999,403.945526,"1,437,748,400"
SPY,1-Aug-22,409.149994,431.730011,395.040009,395.179993,387.463776,"1,443,394,400"
SPY,1-Sep-22,392.890015,411.730011,357.040009,357.179993,350.20575,"1,998,908,600"
SPY,1-Oct-22,361.079987,389.519989,348.109985,386.209991,380.224365,"2,024,732,000"
SPY,1-Nov-22,390.140015,407.679993,368.790009,407.679993,401.361694,"1,745,985,300"
SPY,1-Dec-22,408.769989,410.48999,374.769989,382.429993,376.502991,"1,735,973,600"
SPY,1-Jan-23,384.369995,408.160004,377.829987,406.480011,402.017914,"1,575,450,100"
SPY,1-Feb-23,405.209991,418.309998,393.640015,396.26001,391.910095,"1,603,094,700"
SPY,1-Mar-23,395.410004,409.700012,380.649994,409.390015,404.895966,"2,515,995,800"
SPY,1-Apr-23,408.850006,415.940002,403.779999,415.929993,412.934113,"1,395,683,000"
SPY,1-May-23,415.470001,422.579987,403.73999,417.850006,414.840332,"1,780,705,600"
SPY,1-Jun-23,418.089996,444.299988,416.790009,443.279999,440.087158,"1,749,755,000"
SPY,1-Jul-23,442.920013,459.440002,437.059998,457.790009,456.180908,"1,374,632,400"
SPY,1-Aug-23,456.269989,457.25,433.01001,450.350006,448.767059,"1,754,764,700"
SPY,1-Sep-23,453.170013,453.670013,422.290009,427.480011,425.977448,"1,588,673,200"
SPY,1-Oct-23,426.619995,438.140015,409.209991,418.200012,418.200012,"1,999,149,700"
SPY,1-Nov-23,419.200012,458.320007,418.649994,456.399994,456.399994,"1,499,893,900"
DIA,1-Jan-00,116.03125,117.5,107,109.5,64.866875,"28,820,600"
DIA,1-Feb-00,109.5625,111.1875,98.1875,101.5625,60.204384,"29,949,700"
DIA,1-Mar-00,101.78125,112.46875,96.84375,109.4375,64.952507,"46,476,800"
DIA,1-Apr-00,109.3125,114.53125,101.515625,107.5625,63.934288,"53,050,400"
DIA,1-May-00,107.96875,109.78125,102.53125,105.3125,62.623299,"24,687,100"
DIA,1-Jun-00,105.984375,108.96875,103.34375,104.375,62.163647,"18,447,600"
DIA,1-Jul-00,104.75,109.09375,104.0625,105,62.569836,"11,819,200"
DIA,1-Aug-00,105.53125,113.328125,105.046875,112.46875,67.115257,"16,905,200"
DIA,1-Sep-00,112.9375,114.09375,105.53125,106.625,63.698116,"17,979,400"
DIA,1-Oct-00,106.984375,109.921875,96.75,109.40625,65.443153,"36,970,200"
DIA,1-Nov-00,109.15625,110.21875,102.875,104.40625,62.534019,"33,243,800"
DIA,1-Dec-00,104.9375,109.4375,102.78125,106.78125,64.038155,"33,080,400"
DIA,1-Jan-01,107.1875,112.5,104.59375,108.669998,65.24366,"31,657,100"
DIA,1-Feb-01,108.720001,110.480003,103,105,63.110596,"33,091,000"
DIA,1-Mar-01,104.449997,108.779999,91,99.139999,59.678471,"108,126,700"
DIA,1-Apr-01,98.400002,109.120003,93.760002,107.220001,64.639565,"90,396,900"
DIA,1-May-01,107.449997,113.639999,106.769997,109.080002,65.813065,"78,474,900"
DIA,1-Jun-01,109.5,112.18,104.010002,105.239998,63.597088,"52,205,800"
DIA,1-Jul-01,104.779999,107,101.339996,105.029999,63.535801,"40,466,300"
DIA,1-Aug-01,105.779999,106.25,98.830002,99.879997,60.485149,"71,889,800"
DIA,1-Sep-01,99.699997,102.07,79.5,88.349998,53.563522,"125,525,100"
DIA,1-Oct-01,87.849998,96.099998,87.349998,90.68,55.101223,"128,116,800"
DIA,1-Nov-01,91.150002,100.150002,90.150002,98.589996,59.972256,"66,777,700"
DIA,1-Dec-01,98.099998,101.949997,97.209999,99.800003,60.792294,"48,516,700"
DIA,1-Jan-02,100.480003,103.139999,95.300003,99.239998,60.579906,"70,738,400"
DIA,1-Feb-02,99.110001,102.699997,95.849998,101.099998,61.771309,"109,986,200"
DIA,1-Mar-02,101.790001,106.889999,101.239998,103.709999,63.451424,"141,575,900"
DIA,1-Apr-02,103.360001,104.129997,98.129997,99.489998,60.961517,"110,975,400"
DIA,1-May-02,99.639999,103.730003,97.959999,99.25,60.866959,"83,517,800"
DIA,1-Jun-02,99.279999,100.110001,89.050003,92.529999,56.821239,"107,287,800"
DIA,1-Jul-02,92.669998,94.190002,75.279999,87.150002,53.615131,"267,557,500"
DIA,1-Aug-02,86.860001,91,80.300003,86.519997,53.31847,"239,389,800"
DIA,1-Sep-02,85.519997,87.989998,74.599998,76,46.893848,"215,309,500"
DIA,1-Oct-02,76.669998,85.889999,72.029999,83.75,51.797401,"335,498,600"
DIA,1-Nov-02,83.5,89.800003,83.18,88.900002,55.052349,"179,416,800"
DIA,1-Dec-02,90.400002,90.660004,82.480003,83.510002,51.83918,"126,564,000"
DIA,1-Jan-03,84.150002,88.879997,79.139999,80.839996,50.307522,"163,728,500"
DIA,1-Feb-03,80.970001,81.690002,76.519997,79.309998,49.388767,"146,244,700"
DIA,1-Mar-03,79.68,85.360001,74.309998,79.82,49.862331,"225,535,100"
DIA,1-Apr-03,80.269997,85.699997,79.760002,84.860001,53.077175,"183,070,700"
DIA,1-May-03,84.75,88.980003,83.5,88.839996,55.639153,"175,458,000"
DIA,1-Jun-03,89.410004,93.949997,88.800003,89.910004,56.395203,"174,512,300"
DIA,1-Jul-03,89.589996,93.769997,88.849998,92.470001,58.154316,"146,396,300"
DIA,1-Aug-03,92.489998,95.239998,90.029999,94.410004,59.458267,"123,257,300"
DIA,1-Sep-03,94.260002,96.989998,92.419998,93.129997,58.730396,"120,901,300"
DIA,1-Oct-03,93.419998,98.830002,93.32,98.029999,61.945671,"127,689,300"
DIA,1-Nov-03,98.449997,99.349998,95.919998,98.080002,62.055634,"90,807,200"
DIA,1-Dec-03,98.330002,104.75,98.330002,104.57,66.375038,"137,899,900"
DIA,1-Jan-04,105.040001,107.230003,103.800003,105.080002,66.794258,"160,410,500"
DIA,1-Feb-04,105.199997,107.919998,104.529999,106.07,67.467506,"105,475,500"
DIA,1-Mar-04,106.449997,107.089996,100.120003,103.919998,66.2658,"174,857,500"
DIA,1-Apr-04,103.599998,105.949997,102.349998,102.349998,65.339226,"134,092,400"
DIA,1-May-04,102.669998,104.139999,98.809998,102.18,65.26783,"167,520,500"
DIA,1-Jun-04,101.910004,105.050003,101.459999,104.629997,67.032463,"105,191,200"
DIA,1-Jul-04,104.480003,104.650002,99.309998,101.75,65.247009,"145,161,600"
DIA,1-Aug-04,101.279999,102.25,98.150002,101.889999,65.39151,"125,173,500"
DIA,1-Sep-04,101.739998,103.82,99.910004,100.870003,64.926743,"121,613,600"
DIA,1-Oct-04,101.339996,102.879997,97.269997,100.379997,64.680626,"163,270,800"
DIA,1-Nov-04,100.489998,106.260002,100.290001,104.330002,67.284027,"140,004,500"
DIA,1-Dec-04,104.629997,108.559998,104.160004,107.510002,69.701126,"140,753,000"
DIA,1-Jan-05,108.150002,108.589996,103.620003,104.800003,68.049004,"166,582,800"
DIA,1-Feb-05,105.019997,108.980003,104.839996,107.699997,69.997437,"105,174,200"
DIA,1-Mar-05,107.760002,109.830002,103.860001,104.989998,68.387253,"133,274,900"
DIA,1-Apr-05,105.43,105.620003,99.889999,101.879997,66.466553,"163,597,400"
DIA,1-May-05,102.239998,105.5,100.860001,104.629997,68.310051,"130,991,000"
DIA,1-Jun-05,104.639999,106.510002,102.440002,102.75,67.297005,"134,909,000"
DIA,1-Jul-05,103.07,107.160004,101.730003,106.629997,69.913635,"139,259,400"
DIA,1-Aug-05,106.720001,107.330002,103.449997,104.889999,68.833595,"143,622,000"
DIA,1-Sep-05,104.779999,107.010002,103.440002,105.75,69.601303,"159,823,200"
DIA,1-Oct-05,105.739998,106.010002,101.580002,103.910004,68.490738,"179,008,400"
DIA,1-Nov-05,104.25,109.589996,103.760002,108.220001,71.427483,"114,409,400"
DIA,1-Dec-05,108.739998,109.5,106.82,106.949997,70.772499,"120,342,200"
DIA,1-Jan-06,107.440002,110.459999,106.449997,108.269997,71.807076,"141,099,600"
DIA,1-Feb-06,108.5,111.519997,107.32,109.900002,72.968697,"136,550,800"
DIA,1-Mar-06,110.239998,113.269997,109.269997,111.309998,74.040619,"146,085,400"
DIA,1-Apr-06,111.639999,114.099998,110.360001,113.879997,75.917763,"133,167,100"
DIA,1-May-06,113.949997,116.800003,110.190002,111.730003,74.563911,"197,953,900"
DIA,1-Jun-06,111.589996,112.849998,106.949997,111.790001,74.791229,"191,291,600"
DIA,1-Jul-06,111.949997,112.559998,106.889999,111.900002,74.97628,"156,237,900"
DIA,1-Aug-06,111.5,114.080002,110.5,113.809998,76.360008,"127,169,300"
DIA,1-Sep-06,114.209999,117.330002,113.230003,116.739998,78.496078,"139,690,400"
DIA,1-Oct-06,116.75,121.550003,116.440002,120.730003,81.324684,"165,591,800"
DIA,1-Nov-06,121.059998,123.510002,119.599998,122.279999,82.469673,"150,001,300"
DIA,1-Dec-06,122.370003,125.139999,120.900002,124.410004,84.123764,"130,807,200"
DIA,1-Jan-07,125.160004,126.489998,123.25,126.239998,85.588478,"175,883,200"
DIA,1-Feb-07,126.459999,127.900002,120.5,122.660004,83.214386,"163,657,100"
DIA,1-Mar-07,121.410004,125.010002,119.5,123.589996,83.996567,"234,418,200"
DIA,1-Apr-07,123.57,131.979996,123.110001,130.669998,89.010765,"155,113,800"
DIA,1-May-07,130.839996,136.660004,130.309998,136.289993,92.915932,"283,098,100"
DIA,1-Jun-07,136.610001,136.850006,132.369995,134.199997,91.731735,"343,784,800"
DIA,1-Jul-07,134.419998,140.460007,131.139999,132.169998,90.456711,"349,084,000"
DIA,1-Aug-07,131.889999,136.960007,125.309998,133.399994,91.405731,"536,168,100"
DIA,1-Sep-07,133.220001,139.309998,130.240005,138.910004,95.39164,"216,101,300"
DIA,1-Oct-07,138.960007,141.949997,133.919998,138.949997,95.583633,"307,589,300"
DIA,1-Nov-07,137.860001,137.899994,127.25,134.160004,92.390427,"403,533,900"
DIA,1-Dec-07,133.690002,137.899994,131.059998,132.550003,91.544907,"218,010,400"
DIA,1-Jan-08,132.470001,132.669998,115.800003,126,87.232201,"473,724,100"
DIA,1-Feb-08,126.489998,127.610001,120.760002,123.010002,85.260201,"279,035,500"
DIA,1-Mar-08,122.470001,126.099998,117.459999,122.400002,84.998428,"348,730,900"
DIA,1-Apr-08,123.889999,129.979996,122.699997,128.190002,89.236763,"293,243,700"
DIA,1-May-08,128,131.289993,124.370003,126.129997,87.910942,"233,421,300"
DIA,1-Jun-08,125.980003,126.25,112.75,113.419998,79.252121,"380,955,700"
DIA,1-Jul-08,112.379997,116.879997,108.32,113.699997,79.62532,"575,616,800"
DIA,1-Aug-08,114.120003,118.730003,112.129997,115.449997,80.967934,"422,061,700"
DIA,1-Sep-08,116.959999,118.010002,104.010002,108.360001,76.157112,"698,679,300"
DIA,1-Oct-08,107.57,108.790001,78.940002,93.5,65.913498,"1,007,168,700"
DIA,1-Nov-08,93.139999,96.5,74.5,88.300003,62.355965,"777,198,400"
DIA,1-Dec-08,86.300003,90.389999,81.309998,87.519997,62.085041,"577,288,500"
DIA,1-Jan-09,87.949997,90.900002,79.050003,80.080002,56.982849,"618,804,900"
DIA,1-Feb-09,79.139999,83.290001,70.370003,70.760002,50.437477,"650,954,300"
DIA,1-Mar-09,69.650002,79.300003,64.779999,75.839996,54.322762,"604,399,800"
DIA,1-Apr-09,74.879997,83.059998,74.800003,81.669998,58.63876,"393,548,200"
DIA,1-May-09,81.790001,85.970001,80.959999,85.389999,61.410961,"320,204,500"
DIA,1-Jun-09,86.279999,89.019997,82.57,84.660004,61.066071,"325,483,400"
DIA,1-Jul-09,84.980003,92.480003,80.959999,91.669998,66.341736,"274,478,600"
DIA,1-Aug-09,92.470001,96.82,91.400002,95.050003,68.887367,"237,236,400"
DIA,1-Sep-09,94.599998,99.160004,92.629997,97.089996,70.613571,"234,513,300"
DIA,1-Oct-09,96.919998,101.199997,94.199997,97.059998,70.717934,"269,299,100"
DIA,1-Nov-09,97.400002,104.980003,96.82,103.580002,75.538963,"224,123,900"
DIA,1-Dec-09,104.279999,105.639999,101.75,104.07,76.1446,"169,229,700"
DIA,1-Jan-10,104.839996,107.230003,100.410004,100.550003,73.854919,"229,355,400"
DIA,1-Feb-10,101.209999,104.389999,98.360001,103.300003,75.874779,"214,258,200"
DIA,1-Mar-10,103.669998,109.529999,103.580002,108.610001,79.978516,"171,222,100"
DIA,1-Apr-10,109.239998,112.580002,108.5,110.099998,81.231491,"212,147,400"
DIA,1-May-10,110.57,111.82,97.75,101.470001,74.925407,"412,859,200"
DIA,1-Jun-10,100.669998,105.959999,97.589996,97.730003,72.436737,"282,428,800"
DIA,1-Jul-10,97.75,105.93,96.169998,104.699997,77.744095,"218,440,900"
DIA,1-Aug-10,106.080002,107.370003,99.370003,100.199997,74.469437,"167,266,900"
DIA,1-Sep-10,101.360001,109.519997,101.330002,107.910004,80.499557,"125,993,800"
DIA,1-Oct-10,108.550003,112.550003,107.07,111.309998,83.185539,"131,885,300"
DIA,1-Nov-10,111.68,114.629997,109.400002,110.169998,82.402565,"140,835,200"
DIA,1-Dec-10,111.68,115.980003,111.589996,115.629997,86.765724,"124,823,300"
DIA,1-Jan-11,116.410004,119.940002,115.559998,118.599998,89.389359,"171,137,800"
DIA,1-Feb-11,119.160004,123.639999,119.080002,122.150002,92.177391,"132,276,200"
DIA,1-Mar-11,122.400002,123.580002,115.510002,123.019997,93.060555,"192,920,200"
DIA,1-Apr-11,123.589996,128.119995,120.650002,128.039993,97.044426,"126,745,900"
DIA,1-May-11,128.600006,128.630005,122.800003,125.5,95.206207,"154,591,700"
DIA,1-Jun-11,125.129997,125.18,118.489998,123.830002,94.249268,"146,290,300"
DIA,1-Jul-11,124.089996,127.370003,120.639999,121.129997,92.354973,"146,856,200"
DIA,1-Aug-11,122.739998,122.959999,105.940002,115.949997,88.485321,"359,056,000"
DIA,1-Sep-11,116.089996,117.029999,105.720001,108.93,83.44574,"236,814,200"
DIA,1-Oct-11,108.209999,122.580002,103.839996,119.339996,91.588631,"210,863,300"
DIA,1-Nov-11,116.900002,121.75,112.139999,120.190002,92.389191,"189,762,300"
DIA,1-Dec-11,120.010002,123,117.050003,121.849998,93.892288,"135,753,500"
DIA,1-Jan-12,123.940002,128.130005,122.589996,126.07,97.43602,"129,418,700"
DIA,1-Feb-12,127.07,130.369995,126.480003,129.289993,100.057121,"131,463,300"
DIA,1-Mar-12,129.600006,132.610001,127.18,131.800003,102.262634,"127,375,500"
DIA,1-Apr-12,131.559998,132.679993,126.919998,131.800003,102.459961,"131,885,100"
DIA,1-May-12,131.850006,133.139999,122.82,123.699997,96.273849,"150,557,000"
DIA,1-Jun-12,122.129997,128.710007,120.190002,128.449997,100.313782,"135,600,100"
DIA,1-Jul-12,128.619995,130.990005,124.769997,129.690002,101.458771,"103,815,400"
DIA,1-Aug-12,130.470001,133.020004,127.510002,130.880005,102.556267,"97,470,500"
DIA,1-Sep-12,130.740005,136.479996,129.630005,134.050003,105.317474,"81,878,000"
DIA,1-Oct-12,134.619995,136.440002,130.089996,130.600006,102.819496,"112,174,400"
DIA,1-Nov-12,131.020004,132.630005,124.419998,130.100006,102.567535,"137,897,200"
DIA,1-Dec-12,130.690002,133.729996,128.539993,130.580002,103.21154,"120,863,400"
DIA,1-Jan-13,132.990005,140.220001,132.740005,138.410004,109.740738,"107,710,000"
DIA,1-Feb-13,139.289993,141.309998,137.600006,140.279999,111.342247,"109,155,500"
DIA,1-Mar-13,139.889999,145.529999,139.169998,145.320007,115.637733,"116,788,600"
DIA,1-Apr-13,145.300003,148.660004,144.050003,148.020004,118.031509,"164,699,300"
DIA,1-May-13,147.559998,155.139999,146.580002,151.100006,120.604713,"136,104,200"
DIA,1-Jun-13,151.539993,153.360001,145.169998,148.550003,118.903854,"168,441,100"
DIA,1-Jul-13,149.520004,156.029999,148.25,154.839996,124.19442,"109,215,600"
DIA,1-Aug-13,155.889999,156.240005,147.369995,147.850006,118.745399,"125,415,600"
DIA,1-Sep-13,148.880005,157.059998,147.610001,151,121.583466,"135,222,900"
DIA,1-Oct-13,151,156.869995,146.960007,155.289993,125.281326,"176,083,200"
DIA,1-Nov-13,155.580002,161.580002,154.869995,160.720001,129.805817,"114,369,600"
DIA,1-Dec-13,160.759995,165.509995,157.070007,165.470001,133.89357,"138,229,600"
DIA,1-Jan-14,164.789993,165.289993,155.850006,156.75,127.147797,"186,965,800"
DIA,1-Feb-14,156.570007,163.770004,153.119995,163.020004,132.341049,"150,777,800"
DIA,1-Mar-14,161.589996,164.889999,160.380005,164.240005,133.691925,"139,639,600"
DIA,1-Apr-14,164.669998,166.059998,159.880005,165.449997,134.909927,"129,276,700"
DIA,1-May-14,165.300003,167.289993,163.039993,166.929993,136.226303,"90,738,100"
DIA,1-Jun-14,167.25,169.580002,166.580002,167.889999,137.361237,"81,057,400"
DIA,1-Jul-14,168.289993,171.320007,165.289993,165.289993,135.495163,"92,877,300"
DIA,1-Aug-14,164.800003,171.350006,163.130005,170.880005,140.228058,"91,516,600"
DIA,1-Sep-14,170.940002,173.320007,168.940002,170.070007,139.811066,"110,722,300"
DIA,1-Oct-14,169.910004,173.630005,158.270004,173.449997,142.93158,"224,560,300"
DIA,1-Nov-14,173.570007,178.690002,172.460007,178.100006,146.763443,"82,373,700"
DIA,1-Dec-14,177.539993,180.710007,170.740005,177.880005,146.953613,"153,832,700"
DIA,1-Jan-15,178.649994,179.229996,171.059998,171.449997,141.947342,"158,080,300"
DIA,1-Feb-15,171.949997,182.240005,170.100006,181.190002,150.139694,"89,529,200"
DIA,1-Mar-15,181.369995,182.679993,175.460007,177.580002,147.54982,"117,760,900"
DIA,1-Apr-15,177.539993,181.539993,175.570007,178.179993,148.304993,"108,809,200"
DIA,1-May-15,179.210007,183.350006,177.25,180.110001,150.009323,"84,988,500"
DIA,1-Jun-15,181,181.940002,175.449997,175.820007,146.760284,"111,271,300"
DIA,1-Jul-15,177.570007,181.25,173.779999,176.679993,147.869583,"95,582,100"
DIA,1-Aug-15,176.820007,176.869995,150.570007,165.179993,138.376328,"209,167,000"
DIA,1-Sep-15,161.399994,169.440002,159.179993,162.619995,136.673203,"177,477,100"
DIA,1-Oct-15,163.009995,177.830002,159.929993,176.490005,148.622513,"143,995,600"
DIA,1-Nov-15,176.869995,179.600006,172.149994,177.229996,149.315384,"104,538,100"
DIA,1-Dec-15,177.919998,179.039993,170.889999,173.990005,147.059998,"152,886,500"
DIA,1-Jan-16,171.050003,171.740005,154.380005,164.369995,139.253403,"221,571,000"
DIA,1-Feb-16,163.389999,167.949997,155.259995,164.960007,139.826797,"154,988,900"
DIA,1-Mar-16,166.009995,177.649994,165.710007,176.639999,150.287201,"82,236,900"
DIA,1-Apr-16,175.710007,181.419998,174.679993,177.589996,151.42012,"74,121,500"
DIA,1-May-16,178.080002,179.270004,173.669998,177.649994,151.581238,"59,842,900"
DIA,1-Jun-16,176.979996,180.179993,170.369995,179,153.270142,"86,715,500"
DIA,1-Jul-16,178.779999,186.080002,176.960007,184.130005,157.97876,"65,794,400"
DIA,1-Aug-16,184.350006,186.880005,182.309998,183.940002,157.930969,"57,464,400"
DIA,1-Sep-16,183.729996,185.490005,179.929993,182.779999,157.489441,"77,934,600"
DIA,1-Oct-16,182.309998,183.850006,179.429993,181.169998,156.405975,"56,215,000"
DIA,1-Nov-16,181.520004,192.25,178.639999,191.399994,165.401611,"82,978,500"
DIA,1-Dec-16,191.839996,199.830002,191.429993,197.509995,171.163635,"87,859,700"
DIA,1-Jan-17,198.910004,200.970001,196.690002,198.360001,172.274887,"86,089,800"
DIA,1-Feb-17,199.130005,208.369995,198.020004,207.979996,180.806671,"63,888,900"
DIA,1-Mar-17,209.919998,211.589996,203.809998,206.339996,179.869675,"86,710,800"
DIA,1-Apr-17,206.520004,210.429993,203.639999,209.080002,182.613937,"57,320,200"
DIA,1-May-17,209.490005,210.919998,205.860001,210,183.57991,"55,340,000"
DIA,1-Jun-17,210.270004,215.070007,209.910004,213.240005,186.961548,"57,726,200"
DIA,1-Jul-17,213.949997,219.029999,212.679993,218.699997,192.102905,"38,988,600"
DIA,1-Aug-17,219.740005,221.679993,215.729996,219.520004,193.033875,"67,798,900"
DIA,1-Sep-17,220.130005,223.970001,217.179993,223.820007,197.29425,"43,396,000"
DIA,1-Oct-17,224.190002,234.699997,224.020004,233.630005,206.36676,"50,038,700"
DIA,1-Nov-17,234.600006,243.490005,232.649994,242.839996,214.671646,"61,412,300"
DIA,1-Dec-17,243.139999,248.610001,239.410004,247.380005,219.209412,"73,664,300"
DIA,1-Jan-18,248.339996,265.929993,247.229996,261.440002,232.198776,"102,211,800"
DIA,1-Feb-18,259.950012,262.899994,233.759995,250.199997,222.338989,"183,041,700"
DIA,1-Mar-18,250.210007,254.720001,234.850006,241.399994,215.068253,"121,375,800"
DIA,1-Apr-18,240.330002,248.479996,233.199997,241.539993,215.586166,"107,013,400"
DIA,1-May-18,240.690002,250.669998,235.119995,244.179993,218.059158,"82,718,200"
DIA,1-Jun-18,246.139999,254.160004,239.830002,242.729996,217.375885,"99,747,700"
DIA,1-Jul-18,240.919998,255.679993,240.619995,254.169998,227.96109,"75,848,400"
DIA,1-Aug-18,253.899994,261.769989,249.860001,259.850006,233.351334,"79,663,800"
DIA,1-Sep-18,259.220001,267.609985,257.820007,264.399994,237.937454,"63,102,800"
DIA,1-Oct-18,266.100006,269.279999,241.050003,251.190002,226.51268,"163,946,700"
DIA,1-Nov-18,252.149994,262.970001,242.710007,255.509995,230.549164,"93,217,400"
DIA,1-Dec-18,260.170013,260.299988,216.970001,233.199997,210.919174,"136,737,400"
DIA,1-Jan-19,229.270004,251,226.360001,250.119995,226.833145,"93,252,100"
DIA,1-Feb-19,250.669998,262.359985,249.130005,259.279999,235.308243,"60,166,600"
DIA,1-Mar-19,261.149994,261.679993,252.460007,259.130005,235.817154,"88,452,200"
DIA,1-Apr-19,261.230011,266.859985,260.579987,265.790009,242.390915,"62,240,200"
DIA,1-May-19,266.470001,266.809998,248.220001,248.220001,226.503006,"90,766,600"
DIA,1-Jun-19,248.339996,268.959991,247.039993,265.850006,243.19487,"64,656,500"
DIA,1-Jul-19,268.450012,273.98999,266,268.519989,246.222427,"47,920,200"
DIA,1-Aug-19,268.820007,271.709991,253.929993,264.130005,242.395493,"87,214,100"
DIA,1-Sep-19,262.070007,273.440002,260.029999,269.179993,247.681183,"56,036,400"
DIA,1-Oct-19,269.76001,275,257.380005,270.480011,249.47197,"62,734,700"
DIA,1-Nov-19,271.859985,281.910004,271.690002,280.950012,259.294678,"37,038,500"
DIA,1-Dec-19,281.450012,286.850006,273.619995,285.100006,263.611786,"44,607,400"
DIA,1-Jan-20,286.440002,293.609985,281.609985,282.420013,261.931183,"58,268,500"
DIA,1-Feb-20,283.690002,295.869995,247,254.559998,236.203644,"91,684,900"
DIA,1-Mar-20,256.709991,271.109985,182.100006,219.229996,203.981491,"254,951,200"
DIA,1-Apr-20,210.649994,247.669998,207.179993,243.220001,226.981628,"138,549,700"
DIA,1-May-20,239.580002,257.940002,228.300003,254.289993,237.44368,"89,615,500"
DIA,1-Jun-20,253.779999,276.380005,249.100006,257.869995,241.257309,"120,196,900"
DIA,1-Jul-20,258.869995,270.540009,255.350006,264.350006,248.034164,"74,383,800"
DIA,1-Aug-20,265.670013,287.450012,265.350006,284.279999,266.944672,"55,267,700"
DIA,1-Sep-20,283.730011,292.359985,265.269989,277.5,261.145691,"77,593,100"
DIA,1-Oct-20,279.329987,289.609985,261.410004,265.059998,250.035477,"72,158,000"
DIA,1-Nov-20,268.899994,301.109985,266.929993,296.619995,279.921478,"82,895,400"
DIA,1-Dec-20,299.730011,306.290009,296.350006,305.790009,289.213745,"64,517,400"
DIA,1-Jan-21,306.589996,312.709991,298.589996,299.809998,284.108276,"71,320,500"
DIA,1-Feb-21,302.279999,320.040009,300.140015,309.450012,293.364594,"61,198,700"
DIA,1-Mar-21,313.480011,332.859985,305.679993,330.179993,313.614258,"122,196,100"
DIA,1-Apr-21,330.779999,342.429993,329.720001,338.940002,322.592041,"75,055,200"
DIA,1-May-21,340.790009,351.089996,335.200012,345.640015,329.077057,"86,276,900"
DIA,1-Jun-21,348.540009,348.649994,332.679993,344.950012,329.097595,"76,505,600"
DIA,1-Jul-21,345.779999,351.709991,337.380005,349.480011,333.905487,"88,572,500"
DIA,1-Aug-21,350.450012,356.600006,347.109985,353.920013,338.347839,"69,352,400"
DIA,1-Sep-21,354.290009,355.179993,335.98999,338.290009,323.971924,"98,119,200"
DIA,1-Oct-21,340.029999,358.929993,337.679993,358.230011,343.794708,"83,791,100"
DIA,1-Nov-21,359.450012,365.640015,344.359985,344.899994,331.112854,"86,987,900"
DIA,1-Dec-21,348.040009,366.720001,340.320007,363.320007,349.47821,"121,742,800"
DIA,1-Jan-22,364.339996,369.5,331.350006,351.079987,338.327545,"207,917,000"
DIA,1-Feb-22,351.660004,358.100006,322.690002,339.339996,327.257111,"139,897,900"
DIA,1-Mar-22,337.269989,353.709991,326.059998,346.829987,334.986298,"127,876,900"
DIA,1-Apr-22,348.149994,354.880005,329.100006,329.690002,319.144897,"103,814,200"
DIA,1-May-22,330.350006,341.170013,306.279999,330.200012,319.755005,"125,438,000"
DIA,1-Jun-22,332.410004,332.950012,296.390015,307.820007,298.793762,"79,873,500"
DIA,1-Jul-22,307.399994,329.269989,301.470001,328.660004,319.760498,"58,151,800"
DIA,1-Aug-22,326.910004,343.089996,315.600006,315.649994,307.23114,"64,243,500"
DIA,1-Sep-22,314.290009,325.679993,287.040009,287.299988,280.17688,"73,801,400"
DIA,1-Oct-22,290.559998,328.890015,286.619995,327.420013,320.151154,"90,874,400"
DIA,1-Nov-22,329.369995,346.190002,317.179993,346.149994,338.668518,"91,475,200"
DIA,1-Dec-22,346.75,348.220001,325.649994,331.329987,324.827087,"92,339,500"
DIA,1-Jan-23,332.420013,343.48999,328.100006,340.829987,334.895325,"74,209,900"
DIA,1-Feb-23,339.119995,343.529999,326.429993,326.570007,321.15564,"70,147,900"
DIA,1-Mar-23,326.040009,336.119995,314.970001,332.619995,327.641296,"98,518,300"
DIA,1-Apr-23,333.589996,341.040009,332.309998,341.029999,336.819458,"52,749,000"
DIA,1-May-23,341.100006,342.589996,325.820007,329.519989,325.628876,"65,520,500"
DIA,1-Jun-23,328.910004,345.730011,327.320007,343.850006,340.525299,"67,941,200"
DIA,1-Jul-23,343,356.359985,337.170013,355.570007,352.926361,"65,735,300"
DIA,1-Aug-23,355.269989,356.700012,340.350006,347.809998,345.486755,"75,612,800"
DIA,1-Sep-23,349.929993,350.630005,332.929993,334.950012,333.20517,"59,042,400"
DIA,1-Oct-23,334.290009,341.519989,323.209991,330.480011,329.627869,"90,640,900"
DIA,1-Nov-23,330.920013,360.179993,330.100006,360,359.272827,"67,600,500"
QQQ,1-Jan-00,96.1875,97.625,79.75,89.6875,76.782227,"583,431,800"
QQQ,1-Feb-00,89.53125,107.5,88.4375,106.75,91.389626,"575,169,800"
QQQ,1-Mar-00,107.25,120.5,101,109.5,93.743904,"721,106,900"
QQQ,1-Apr-00,107.765625,109.125,78,94.75,81.116302,"678,411,400"
QQQ,1-May-00,95.75,96.875,72.25,83.125,71.164047,"563,189,300"
QQQ,1-Jun-00,85.1875,99.71875,82.5,93.4375,79.992683,"469,516,700"
QQQ,1-Jul-00,93.5,102.0625,85.71875,89.4375,76.568237,"381,758,100"
QQQ,1-Aug-00,89.8125,102,83.3125,101.625,87.002083,"378,312,400"
QQQ,1-Sep-00,103,103.515625,87,88.75,75.979683,"510,706,700"
QQQ,1-Oct-00,90.25,90.25,73.625,81.703125,69.946777,"904,925,400"
QQQ,1-Nov-00,80.3125,84.125,60.5,62.984375,53.921478,"936,207,600"
QQQ,1-Dec-00,64.0625,74.78125,54.25,58.375,49.975357,"1,087,788,500"
QQQ,1-Jan-01,58.5625,69.125,52.15625,64.300003,55.047817,"1,197,806,700"
QQQ,1-Feb-01,64.550003,65.610001,46.860001,47.450001,40.622368,"1,215,871,200"
QQQ,1-Mar-01,46.970001,50.66,38,39.150002,33.516651,"1,724,918,800"
QQQ,1-Apr-01,39.169998,49.439999,33.599998,46.150002,39.509426,"1,643,682,200"
QQQ,1-May-01,46.200001,51.950001,43.349998,44.73,38.293736,"1,394,690,300"
QQQ,1-Jun-01,45.540001,49.490002,41.259998,45.700001,39.124184,"1,363,050,300"
QQQ,1-Jul-01,45.650002,46.48,39.310001,41.759998,35.751114,"1,198,392,500"
QQQ,1-Aug-01,42.630001,44,35.75,36.630001,31.35928,"1,313,411,700"
QQQ,1-Sep-01,36.509998,37.5,27.200001,28.98,24.81004,"1,302,116,200"
QQQ,1-Oct-01,28.85,37.060001,27.85,33.900002,29.022095,"2,160,146,800"
QQQ,1-Nov-01,34.439999,40.970001,33.779999,39.650002,33.944717,"1,721,098,400"
QQQ,1-Dec-01,39.290001,43.240002,38.439999,38.91,33.31118,"1,277,765,400"
QQQ,1-Jan-02,39.57,42.599998,36.849998,38.509998,32.96875,"1,579,424,600"
QQQ,1-Feb-02,38.400002,38.880001,33.09,33.779999,28.919357,"1,597,517,000"
QQQ,1-Mar-02,34.150002,39.189999,34.09,36.060001,30.871277,"1,551,664,300"
QQQ,1-Apr-02,35.799999,36.900002,30.559999,31.73,27.164335,"1,758,315,600"
QQQ,1-May-02,31.67,33.630001,28.42,30.040001,25.717512,"2,095,742,700"
QQQ,1-Jun-02,30,30.25,24.389999,26.1,22.34445,"2,262,935,100"
QQQ,1-Jul-02,25.969999,26.549999,21.639999,23.85,20.418201,"2,668,049,100"
QQQ,1-Aug-02,23.74,26.209999,21.299999,23.49,20.110003,"2,043,810,200"
QQQ,1-Sep-02,23.059999,24.35,20.49,20.719999,17.738577,"1,669,047,400"
QQQ,1-Oct-02,20.91,25.040001,19.76,24.549999,21.017471,"2,129,150,100"
QQQ,1-Nov-02,24.370001,28.290001,24.139999,27.719999,23.731333,"1,669,954,700"
QQQ,1-Dec-02,28.42,28.790001,24.280001,24.370001,20.863367,"1,397,055,800"
QQQ,1-Jan-03,24.719999,27.469999,24.01,24.440001,20.923304,"1,513,988,000"
QQQ,1-Feb-03,24.52,25.370001,23.32,25.16,21.539701,"1,276,622,500"
QQQ,1-Mar-03,25.27,27.379999,23.540001,25.25,21.616751,"1,670,716,200"
QQQ,1-Apr-03,25.440001,28.059999,25.25,27.450001,23.500187,"1,411,620,800"
QQQ,1-May-03,27.440001,29.870001,27.190001,29.790001,25.503487,"1,525,708,300"
QQQ,1-Jun-03,30.08,31.469999,29.309999,29.950001,25.640457,"1,799,755,700"
QQQ,1-Jul-03,29.700001,32.75,29.26,31.799999,27.224255,"1,821,510,200"
QQQ,1-Aug-03,31.690001,33.459999,29.93,33.389999,28.585472,"1,414,186,200"
QQQ,1-Sep-03,33.490002,34.860001,32.360001,32.419998,27.755053,"1,904,565,100"
QQQ,1-Oct-03,32.610001,36,32.419998,35.18,30.117907,"1,912,564,700"
QQQ,1-Nov-03,35.43,36.18,33.73,35.380001,30.289145,"1,497,010,400"
QQQ,1-Dec-03,35.709999,36.639999,34.130001,36.459999,31.21372,"1,740,828,600"
QQQ,1-Jan-04,36.66,39,36.220001,37.07,31.748369,"1,759,300,400"
QQQ,1-Feb-04,37.200001,37.970001,36.099998,36.57,31.320137,"1,728,110,800"
QQQ,1-Mar-04,36.68,37.18,34.009998,35.84,30.694931,"2,509,465,300"
QQQ,1-Apr-04,35.810001,37.5,34.720001,34.77,29.778553,"2,211,173,100"
QQQ,1-May-04,35,36.549999,34.110001,36.549999,31.303013,"2,429,662,200"
QQQ,1-Jun-04,36.27,37.900002,35.82,37.740002,32.322205,"1,811,072,200"
QQQ,1-Jul-04,37.66,37.66,33.700001,34.889999,29.881321,"2,262,048,100"
QQQ,1-Aug-04,34.610001,35.02,32.349998,34.02,29.136213,"2,012,635,000"
QQQ,1-Sep-04,33.93,35.849998,33.799999,35.139999,30.095427,"1,951,089,100"
QQQ,1-Oct-04,35.450001,37.240002,35.200001,36.900002,31.602776,"2,259,101,600"
QQQ,1-Nov-04,36.98,39.639999,36.799999,39.119999,33.504051,"1,978,225,300"
QQQ,1-Dec-04,39.27,40.68,39.09,39.919998,34.189228,"1,779,424,600"
QQQ,1-Jan-05,40.09,40.290001,36.459999,37.400002,32.337772,"2,234,773,200"
QQQ,1-Feb-05,37.490002,38.48,36.700001,37.220001,32.182156,"1,765,610,600"
QQQ,1-Mar-05,37.369999,38.290001,35.939999,36.57,31.620111,"2,133,973,700"
QQQ,1-Apr-05,36.82,37.07,34.349998,34.98,30.245317,"2,345,433,600"
QQQ,1-May-05,35.099998,38.27,34.889999,38.080002,32.925728,"1,881,340,000"
QQQ,1-Jun-05,38.029999,38.68,36.700001,36.779999,31.801672,"1,943,627,500"
QQQ,1-Jul-05,36.860001,39.919998,36.549999,39.580002,34.254333,"1,620,613,000"
QQQ,1-Aug-05,39.639999,40.139999,38.259998,38.98,33.735069,"1,714,890,300"
QQQ,1-Sep-05,39,39.91,38.240002,39.459999,34.150471,"1,676,662,500"
QQQ,1-Oct-05,39.540001,39.880001,37.330002,38.869999,33.63987,"2,279,169,700"
QQQ,1-Nov-05,38.779999,42.02,38.709999,41.240002,35.690971,"1,718,491,700"
QQQ,1-Dec-05,41.509998,42.310001,40.360001,40.41,34.972649,"1,416,706,400"
QQQ,1-Jan-06,40.650002,43.310001,40.16,42,36.436386,"1,968,905,800"
QQQ,1-Feb-06,41.740002,42.169998,40.259998,41.099998,35.655605,"1,646,562,100"
QQQ,1-Mar-06,41.23,42.299999,40.189999,41.93,36.37566,"2,185,862,300"
QQQ,1-Apr-06,42.150002,43.049999,41.389999,41.849998,36.331722,"1,763,904,700"
QQQ,1-May-06,41.919998,42.279999,38.23,38.82,33.701256,"2,709,535,300"
QQQ,1-Jun-06,38.93,40,37.16,38.77,33.657856,"3,052,135,000"
QQQ,1-Jul-06,38.889999,39,35.540001,37.099998,32.229729,"2,462,886,000"
QQQ,1-Aug-06,36.77,39.029999,36.259998,38.869999,33.767391,"2,281,929,100"
QQQ,1-Sep-06,39.080002,40.950001,38.32,40.650002,35.313713,"2,234,461,000"
QQQ,1-Oct-06,40.599998,42.919998,39.880001,42.580002,37.011646,"2,410,484,000"
QQQ,1-Nov-06,42.73,44.860001,41.610001,44.040001,38.280727,"2,370,363,000"
QQQ,1-Dec-06,44,44.759998,42.880001,43.16,37.515789,"1,898,275,500"
QQQ,1-Jan-07,43.459999,45.400002,42.52,44.07,38.353458,"2,620,557,700"
QQQ,1-Feb-07,44.27,45.549999,42.93,43.330002,37.709473,"2,394,303,300"
QQQ,1-Mar-07,42.549999,44.450001,42.060001,43.529999,37.883518,"2,886,831,700"
QQQ,1-Apr-07,43.669998,46.700001,43.299999,45.959999,40.023499,"1,840,448,700"
QQQ,1-May-07,45.970001,47.52,45.66,47.41,41.286217,"2,575,501,900"
QQQ,1-Jun-07,47.580002,47.919998,46.16,47.599998,41.451672,"2,815,209,900"
QQQ,1-Jul-07,47.709999,50.66,47.43,47.529999,41.42308,"2,780,452,500"
QQQ,1-Aug-07,47.389999,49.060001,44.389999,48.869999,42.5909,"3,835,583,500"
QQQ,1-Sep-07,48.93,51.68,47.810001,51.41,44.804539,"1,980,639,900"
QQQ,1-Oct-07,51.450001,55.07,51.34,55.029999,47.984356,"3,400,285,100"
QQQ,1-Nov-07,54.68,54.77,48.650002,51.310001,44.740646,"4,567,776,300"
QQQ,1-Dec-07,51.09,52.84,49.18,51.220001,44.662174,"2,233,867,700"
QQQ,1-Jan-08,51.27,51.470001,41.610001,45.130001,39.39291,"4,828,694,600"
QQQ,1-Feb-08,45.5,45.880001,42.150002,42.950001,37.490051,"3,020,516,600"
QQQ,1-Mar-08,42.919998,45.07,41.049999,43.720001,38.162159,"3,404,279,700"
QQQ,1-Apr-08,44.419998,48.060001,43.68,47.209999,41.240692,"2,616,810,900"
QQQ,1-May-08,47.23,50.470001,47.220001,50.009998,43.686665,"2,682,797,700"
QQQ,1-Jun-08,49.919998,50.610001,44.970001,45.169998,39.458633,"3,542,909,100"
QQQ,1-Jul-08,44.810001,46.150002,43.299999,45.459999,39.739666,"3,953,264,300"
QQQ,1-Aug-08,45.509998,48.57,44.299999,46.119999,40.316624,"2,893,866,300"
QQQ,1-Sep-08,46.869999,47.080002,37.18,38.91,34.013855,"5,188,670,400"
QQQ,1-Oct-08,38.84,38.970001,28.09,32.889999,28.770752,"7,240,779,800"
QQQ,1-Nov-08,32.810001,34.009998,25.049999,29.120001,25.472931,"3,919,285,900"
QQQ,1-Dec-08,28.5,30.83,26.84,29.74,26.015272,"2,944,238,700"
QQQ,1-Jan-09,29.75,31.629999,27.959999,29.059999,25.457352,"2,829,542,600"
QQQ,1-Feb-09,28.780001,31.68,27.389999,27.530001,24.117027,"3,324,074,200"
QQQ,1-Mar-09,27.120001,31.459999,25.629999,30.32,26.56114,"3,805,123,800"
QQQ,1-Apr-09,29.940001,34.900002,29.790001,34.279999,30.079859,"2,991,632,100"
QQQ,1-May-09,34.27,35.5,32.959999,35.380001,31.045095,"2,734,076,200"
QQQ,1-Jun-09,35.759998,37.23,34.77,36.380001,31.922585,"2,511,948,000"
QQQ,1-Jul-09,36.560001,40.18,34.299999,39.450001,34.658997,"2,575,607,800"
QQQ,1-Aug-09,39.869999,41.080002,38.459999,40.029999,35.168556,"2,248,149,500"
QQQ,1-Sep-09,39.889999,43.169998,39.02,42.25,37.11895,"2,114,774,900"
QQQ,1-Oct-09,42.099998,43.82,40.720001,40.959999,36.020432,"2,291,065,900"
QQQ,1-Nov-09,41,44.650002,40.639999,43.560001,38.306889,"1,807,922,400"
QQQ,1-Dec-09,43.889999,46.299999,43.32,45.75,40.23278,"1,524,036,700"
QQQ,1-Jan-10,46.330002,46.639999,42.630001,42.790001,37.692535,"2,382,152,500"
QQQ,1-Feb-10,42.900002,45.049999,42.119999,44.759998,39.427864,"1,932,176,400"
QQQ,1-Mar-10,44.959999,48.599998,44.950001,48.16,42.422821,"1,623,606,900"
QQQ,1-Apr-10,48.360001,50.650002,47.790001,49.240002,43.420448,"1,701,457,500"
QQQ,1-May-10,49.450001,50.169998,42.639999,45.599998,40.21067,"2,952,228,100"
QQQ,1-Jun-10,45.43,47.68,42.639999,42.709999,37.662231,"2,058,088,600"
QQQ,1-Jul-10,42.84,46.720001,41.77,45.810001,40.551971,"1,748,673,600"
QQQ,1-Aug-10,46.389999,47.189999,42.970001,43.459999,38.471725,"1,483,278,100"
QQQ,1-Sep-10,44.099998,49.84,44.07,49.07,43.437817,"1,574,743,200"
QQQ,1-Oct-10,49.48,52.490002,48.200001,52.18,46.299019,"1,538,354,800"
QQQ,1-Nov-10,52.369999,54.040001,50.849998,52.09,46.219166,"1,564,994,700"
QQQ,1-Dec-10,52.860001,54.959999,52.84,54.459999,48.322041,"1,006,766,900"
QQQ,1-Jan-11,54.970001,57.349998,54.919998,56,49.786983,"1,265,608,600"
QQQ,1-Feb-11,56.419998,59.040001,56.130001,57.77,51.360611,"1,101,561,900"
QQQ,1-Mar-11,58.02,58.369999,53.77,57.43,51.05835,"1,729,243,300"
QQQ,1-Apr-11,57.720001,59.290001,55.32,59.080002,52.599396,"1,032,891,200"
QQQ,1-May-11,59.169998,59.34,56.470001,58.360001,51.958374,"1,054,622,500"
QQQ,1-Jun-11,58.220001,58.360001,53.619999,57.049999,50.792065,"1,155,628,500"
QQQ,1-Jul-11,57.080002,59.830002,56.869999,58,51.753662,"1,277,418,400"
QQQ,1-Aug-11,58.700001,58.82,49.93,55.060001,49.130283,"2,526,145,600"
QQQ,1-Sep-11,55.200001,57.349998,51.91,52.490002,46.837067,"1,666,877,800"
QQQ,1-Oct-11,52.02,59.200001,50.099998,57.950001,51.804932,"1,616,785,100"
QQQ,1-Nov-11,56.52,58.98,52.869999,56.389999,50.410358,"1,295,070,500"
QQQ,1-Dec-11,56.380001,57.619999,54.169998,55.830002,49.909756,"1,004,361,600"
QQQ,1-Jan-12,56.91,60.860001,56.560001,60.529999,54.318439,"828,883,900"
QQQ,1-Feb-12,60.880001,64.959999,60.66,64.410004,57.800278,"1,018,602,500"
QQQ,1-Mar-12,64.650002,68.510002,63.23,67.550003,60.618038,"1,070,054,300"
QQQ,1-Apr-12,67.480003,68.550003,64.449997,66.760002,60.010815,"1,056,184,900"
QQQ,1-May-12,66.690002,67.629997,60.759998,62.060001,55.785973,"1,300,328,800"
QQQ,1-Jun-12,60.939999,64.57,60.040001,64.160004,57.673676,"973,815,200"
QQQ,1-Jul-12,64.25,65.309998,61.860001,64.800003,58.382847,"860,805,100"
QQQ,1-Aug-12,65.260002,68.879997,63.91,68.160004,61.410088,"679,866,200"
QQQ,1-Sep-12,68.029999,70.580002,67.419998,68.57,61.779495,"639,521,900"
QQQ,1-Oct-12,68.900002,69.800003,64.650002,64.949997,58.684853,"863,124,200"
QQQ,1-Nov-12,65.360001,66.209999,61.310001,65.800003,59.452885,"901,783,900"
QQQ,1-Dec-12,66.309998,66.760002,63.580002,65.129997,58.847504,"815,856,000"
QQQ,1-Jan-13,66.730003,67.790001,66.169998,66.870003,60.756195,"741,836,700"
QQQ,1-Feb-13,67.339996,68.260002,65.959999,67.099998,60.965157,"656,562,100"
QQQ,1-Mar-13,66.870003,69.059998,66.540001,68.970001,62.664173,"557,979,300"
QQQ,1-Apr-13,69.019997,70.730003,66.879997,70.720001,64.402916,"835,537,700"
QQQ,1-May-13,70.739998,74.949997,70.25,73.25,66.706924,"680,414,200"
QQQ,1-Jun-13,73.260002,73.82,69.150002,71.269997,64.903778,"748,561,600"
QQQ,1-Jul-13,71.75,76.209999,71.349998,75.769997,69.220055,"581,695,700"
QQQ,1-Aug-13,76.290001,77.279999,74.959999,75.470001,68.94603,"529,245,500"
QQQ,1-Sep-13,76.089996,79.690002,75.540001,78.879997,72.061249,"503,988,800"
QQQ,1-Oct-13,78.889999,83.489998,76.349998,82.790001,75.86039,"817,353,700"
QQQ,1-Nov-13,83.07,85.839996,81.370003,85.730003,78.554276,"542,339,400"
QQQ,1-Dec-13,85.830002,87.959999,84.050003,87.959999,80.597603,"651,649,200"
QQQ,1-Jan-14,87.550003,89,84.760002,86.269997,79.300171,"831,732,700"
QQQ,1-Feb-14,86.110001,90.959999,83.739998,90.339996,83.041374,"713,558,700"
QQQ,1-Mar-14,89.489998,91.360001,86.400002,87.669998,80.92157,"809,345,400"
QQQ,1-Apr-14,88.099998,89.68,83.279999,87.389999,80.84758,"1,141,398,200"
QQQ,1-May-14,87.529999,91.449997,85.529999,91.309998,84.474136,"789,193,700"
QQQ,1-Jun-14,91.419998,94.139999,90.639999,93.910004,86.879486,"567,012,900"
QQQ,1-Jul-14,94.239998,97.510002,93.629997,95.019997,88.142593,"661,530,400"
QQQ,1-Aug-14,94.82,99.910004,93.889999,99.779999,92.558083,"645,904,700"
QQQ,1-Sep-14,100.019997,100.559998,97.699997,98.790001,91.639732,"755,958,700"
QQQ,1-Oct-14,98.510002,101.75,90.239998,101.400002,94.284622,"1,285,037,500"
QQQ,1-Nov-14,101.580002,106.25,100.669998,106.010002,98.571114,"434,990,100"
QQQ,1-Dec-14,105.720001,105.919998,99.919998,103.25,96.004776,"815,702,200"
QQQ,1-Jan-15,103.760002,104.580002,99.360001,101.099998,94.355911,"826,291,600"
QQQ,1-Feb-15,101.330002,108.940002,99.75,108.400002,101.168945,"472,456,500"
QQQ,1-Mar-15,108.610001,109.419998,104.239998,105.599998,98.555748,"633,635,600"
QQQ,1-Apr-15,105.599998,111.160004,104.339996,107.629997,100.681335,"568,699,300"
QQQ,1-May-15,108.050003,111.080002,106,110.050003,102.945122,"518,233,500"
QQQ,1-Jun-15,110.639999,111.129997,106.639999,107.07,100.157524,"577,030,600"
QQQ,1-Jul-15,108.129997,114.389999,105.830002,111.949997,104.963318,"644,885,700"
QQQ,1-Aug-15,111.970001,113,84.739998,104.309998,97.800133,"1,010,304,800"
QQQ,1-Sep-15,101.709999,108.730003,98.75,101.760002,95.409264,"881,201,500"
QQQ,1-Oct-15,101.940002,114.080002,100.480003,113.330002,106.515694,"740,627,200"
QQQ,1-Nov-15,113.629997,115.470001,109.480003,114.019997,107.164207,"543,413,300"
QQQ,1-Dec-15,114.480003,115.75,109.379997,111.860001,105.134087,"757,497,500"
QQQ,1-Jan-16,109.449997,110.18,97.25,104.129997,98.167786,"1,077,308,200"
QQQ,1-Feb-16,103.629997,104.800003,94.839996,102.5,96.631104,"942,259,600"
QQQ,1-Mar-16,103.480003,110.040001,103.160004,109.199997,102.947479,"601,605,100"
QQQ,1-Apr-16,108.540001,111.440002,104.879997,105.720001,99.962402,"559,253,800"
QQQ,1-May-16,105.989998,110.510002,104.400002,110.339996,104.330803,"536,482,700"
QQQ,1-Jun-16,110,110.75,101.75,107.540001,101.683281,"577,926,300"
QQQ,1-Jul-16,107.489998,115.540001,106.57,115.230003,109.244667,"421,072,600"
QQQ,1-Aug-16,115.309998,118.010002,114.220001,116.440002,110.391815,"369,269,900"
QQQ,1-Sep-16,116.480003,119.220001,113.629997,118.720001,112.553398,"540,756,600"
QQQ,1-Oct-16,118.57,119.660004,115.940002,116.989998,111.191124,"406,941,800"
QQQ,1-Nov-16,117.190002,119.510002,113.449997,117.5,111.675842,"598,118,800"
QQQ,1-Dec-16,117.459999,121.519997,115.220001,118.480003,112.607277,"498,414,300"
QQQ,1-Jan-17,119.269997,125.919998,118.889999,124.57,118.745537,"366,254,600"
QQQ,1-Feb-17,125.449997,130.699997,124.860001,130.020004,123.94072,"307,437,600"
QQQ,1-Mar-17,130.850006,132.740005,129.399994,132.380005,126.190369,"442,963,500"
QQQ,1-Apr-17,132.490005,136.339996,130.380005,135.990005,129.901215,"388,248,100"
QQQ,1-May-17,136.440002,141.839996,135.869995,141.289993,134.963898,"532,489,700"
QQQ,1-Jun-17,141.580002,143.899994,136.25,137.639999,131.477356,"1,046,003,200"
QQQ,1-Jul-17,138.270004,145.960007,135.800003,143.229996,137.189789,"705,002,300"
QQQ,1-Aug-17,143.720001,146.210007,140.179993,146.199997,140.034485,"810,771,900"
QQQ,1-Sep-17,146.389999,146.589996,142.100006,145.449997,139.316147,"631,562,000"
QQQ,1-Oct-17,145.669998,152.369995,144.929993,152.149994,146.052612,"549,094,600"
QQQ,1-Nov-17,152.759995,156.690002,150.770004,155.149994,148.932343,"584,198,400"
QQQ,1-Dec-17,154.199997,158.770004,152.059998,155.759995,149.517914,"622,383,900"
QQQ,1-Jan-18,156.559998,170.949997,156.169998,169.399994,162.951324,"698,394,900"
QQQ,1-Feb-18,168.100006,170.729996,150.130005,167.210007,160.844696,"1,179,841,200"
QQQ,1-Mar-18,167.300003,175.210007,156.039993,160.130005,154.034225,"1,085,306,700"
QQQ,1-Apr-18,158.990005,167,153.880005,160.940002,155.06456,"987,380,500"
QQQ,1-May-18,160.520004,171.199997,159.220001,170.070007,163.861237,"687,987,000"
QQQ,1-Jun-18,170.919998,177.979996,169.169998,171.649994,165.38356,"784,338,500"
QQQ,1-Jul-18,170.039993,182.929993,169.669998,176.449997,170.372223,"708,010,500"
QQQ,1-Aug-18,176.860001,187.520004,175.789993,186.649994,180.220901,"667,523,000"
QQQ,1-Sep-18,186.080002,186.490005,180.440002,185.789993,179.390457,"645,534,400"
QQQ,1-Oct-18,186.869995,187.529999,160.089996,169.820007,164.265671,"1,817,070,600"
QQQ,1-Nov-18,170.070007,175.580002,157.130005,169.369995,163.830383,"1,152,121,500"
QQQ,1-Dec-18,173.110001,173.309998,143.460007,154.259995,149.2146,"1,395,544,900"
QQQ,1-Jan-19,150.990005,168.990005,149.490005,168.160004,163.12532,"933,706,500"
QQQ,1-Feb-19,167.330002,174.660004,166.570007,173.190002,168.004745,"535,964,100"
QQQ,1-Mar-19,174.440002,182.830002,169.339996,179.660004,174.281036,"781,972,700"
QQQ,1-Apr-19,181.509995,191.320007,180.770004,189.539993,184.199829,"550,157,700"
QQQ,1-May-19,190.779999,191.320007,173.869995,173.949997,169.049103,"901,554,000"
QQQ,1-Jun-19,173.479996,189.770004,169.270004,186.740005,181.478729,"688,730,400"
QQQ,1-Jul-19,190.320007,195.550003,188.380005,191.100006,186.126495,"494,025,500"
QQQ,1-Aug-19,191.429993,194.979996,179.199997,187.470001,182.590973,"814,286,500"
QQQ,1-Sep-19,186.220001,194.710007,185.029999,188.809998,183.896103,"550,650,200"
QQQ,1-Oct-19,189.5,197.830002,181.820007,197.080002,192.337921,"576,983,400"
QQQ,1-Nov-19,197.929993,206.050003,197.630005,205.100006,200.165009,"351,429,700"
QQQ,1-Dec-19,205.110001,214.559998,199.229996,212.610001,207.494278,"429,951,100"
QQQ,1-Jan-20,214.399994,225.880005,212.240005,219.070007,214.26236,"585,493,000"
QQQ,1-Feb-20,220.139999,237.470001,198.169998,205.800003,201.283585,"952,392,300"
QQQ,1-Mar-20,208.880005,219.610001,164.929993,190.399994,186.221512,"2,191,775,700"
QQQ,1-Apr-20,184.770004,220.039993,180.860001,218.910004,214.562149,"1,092,071,200"
QQQ,1-May-20,214.5,233.600006,211.119995,233.360001,228.725174,"846,592,000"
QQQ,1-Jun-20,232.460007,251.149994,231.470001,247.600006,242.682327,"928,360,400"
QQQ,1-Jul-20,247.639999,269.790009,247.080002,265.790009,260.964142,"924,935,100"
QQQ,1-Aug-20,268,296.75,264.630005,294.880005,289.525879,"701,414,600"
QQQ,1-Sep-20,297.619995,303.5,260.109985,277.839996,272.795227,"1,325,374,300"
QQQ,1-Oct-20,281.790009,297.459991,267.070007,269.380005,264.488861,"936,826,500"
QQQ,1-Nov-20,271.850006,300.170013,266.970001,299.619995,294.17984,"751,645,800"
QQQ,1-Dec-20,301.970001,314.690002,298.089996,313.73999,308.043427,"569,870,600"
QQQ,1-Jan-21,315.109985,330.320007,305.179993,314.559998,309.408325,"655,263,000"
QQQ,1-Feb-21,318.109985,338.190002,310.880005,314.140015,308.99527,"795,468,600"
QQQ,1-Mar-21,319.269989,324.329987,297.450012,319.130005,313.903503,"1,621,173,600"
QQQ,1-Apr-21,323.070007,342.799988,322.809998,337.98999,332.874573,"771,139,800"
QQQ,1-May-21,339.230011,340,316,333.929993,328.876007,"965,410,800"
QQQ,1-Jun-21,335.299988,355.230011,328.279999,354.429993,349.065735,"751,288,500"
QQQ,1-Jul-21,354.070007,368.890015,352.040009,364.570007,359.468811,"813,285,700"
QQQ,1-Aug-21,366.279999,380.76001,359.959991,379.950012,374.633606,"683,466,500"
QQQ,1-Sep-21,381.040009,382.779999,357.100006,357.959991,352.951233,"931,849,900"
QQQ,1-Oct-21,358.600006,386.279999,350.320007,386.109985,381.129425,"878,747,900"
QQQ,1-Nov-21,386.559998,408.709991,384.420013,393.820007,388.740021,"922,244,500"
QQQ,1-Dec-21,398.279999,404.579987,377.470001,397.850006,392.717987,"1,232,817,200"
QQQ,1-Jan-22,399.049988,402.279999,334.149994,363.049988,358.824615,"1,847,203,000"
QQQ,1-Feb-22,364.429993,370.100006,318.26001,346.799988,342.763763,"1,522,923,600"
QQQ,1-Mar-22,345.75,371.829987,317.450012,362.540009,358.320526,"1,686,792,800"
QQQ,1-Apr-22,362.809998,369.309998,312.600006,313.25,309.987,"1,501,959,100"
QQQ,1-May-22,312.829987,330.290009,280.209991,308.279999,305.068726,"1,951,162,500"
QQQ,1-Jun-22,310.470001,314.559998,269.279999,280.279999,277.360443,"1,359,608,000"
QQQ,1-Jul-22,278.950012,316.390015,276.75,315.459991,312.774048,"1,178,025,500"
QQQ,1-Aug-22,313.649994,334.420013,298.440002,299.269989,296.721893,"1,069,920,100"
QQQ,1-Sep-22,296.720001,311.079987,267.100006,267.26001,264.984467,"1,370,988,700"
QQQ,1-Oct-22,269.070007,284.600006,254.259995,277.950012,276.078674,"1,356,809,000"
QQQ,1-Nov-22,281.5,293.470001,259.079987,293.359985,291.384857,"1,195,762,800"
QQQ,1-Dec-22,293.690002,296.880005,259.730011,266.279999,264.487213,"1,057,037,700"
QQQ,1-Jan-23,268.649994,298.26001,260.339996,294.619995,293.337006,"961,927,300"
QQQ,1-Feb-23,294.410004,313.679993,290.049988,293.559998,292.281616,"1,094,424,800"
QQQ,1-Mar-23,293.26001,321.170013,285.190002,320.929993,319.53244,"1,544,782,600"
QQQ,1-Apr-23,318.769989,322.649994,309.890015,322.559998,321.652527,"993,494,600"
QQQ,1-May-23,322.089996,353.929993,315.119995,347.98999,347.010956,"1,149,079,300"
QQQ,1-Jun-23,347.730011,372.850006,346.660004,369.420013,368.380707,"1,137,710,300"
QQQ,1-Jul-23,370.070007,387.980011,363.410004,383.679993,383.125397,"974,997,400"
QQQ,1-Aug-23,382.309998,383.559998,354.709991,377.98999,377.443604,"1,202,220,400"
QQQ,1-Sep-23,380.399994,380.829987,351.359985,358.269989,357.752106,"959,714,600"
QQQ,1-Oct-23,358.540009,373.73999,342.350006,350.869995,350.869995,"1,238,424,400"
QQQ,1-Nov-23,351.720001,394.140015,351.619995,388.829987,388.829987,"971,213,900"